Name,Weights
FI Index,0.31364227668314987
Infra Index,0.2401087560663498
IM INdex,0.22385303034678755
Real Estate Index,0.22239593690371282
