Name,Weights
FI Index,31.36422766847123
Infra Index,24.010875606475512
IM INdex,22.385303034696307
Real Estate Index,22.239593690356944
