Name,Weights
FI Index,31.364227668314985
Infra Index,24.01087560663498
IM INdex,22.385303034678756
Real Estate Index,22.239593690371283
